tripduration,starttime,startstationid,startstationlatitude,startstationlongitude,endstationid,usertype
346,2019-01-01 07:00:00,3288,40.778301,-73.9488134,3145,Subscriber
112,2019-01-01 07:00:19,302,40.72082834,-73.97793172,394,Subscriber
79,2019-01-01 07:02:05,3599,40.66314,-73.9605695,3596,Subscriber
201,2019-01-01 07:02:29,82,40.71117416,-74.00016545,351,Subscriber
254,2019-01-01 07:02:47,3699,40.76360468,-73.98917958,478,Subscriber
401,2019-01-01 07:03:48,302,40.72082834,-73.97793172,295,Subscriber
343,2019-01-01 07:04:14,3596,40.6642406,-73.9574686,3546,Subscriber
366,2019-01-01 07:04:23,261,40.69474881,-73.98362464,2000,Subscriber
451,2019-01-01 07:04:49,3418,40.6750207,-73.97111473,3306,Subscriber
371,2019-01-01 07:05:59,241,40.68981035,-73.97493121,120,Subscriber
834,2019-01-01 07:06:13,355,40.71602118,-73.99974372,411,Subscriber
423,2019-01-01 07:06:11,3646,40.76315482,-73.9398551,3130,Subscriber
260,2019-01-01 07:06:51,3408,40.6881529,-73.99520919,3386,Subscriber
388,2019-01-01 07:06:53,3656,40.72307749,-73.98583621,361,Subscriber
341,2019-01-01 07:07:14,3134,40.76312584,-73.96526895,3141,Subscriber
657,2019-01-01 07:07:29,379,40.749156,-73.9916,3244,Subscriber
473,2019-01-01 07:07:33,496,40.73726186,-73.99238967,462,Subscriber
562,2019-01-01 07:07:50,340,40.71269042,-73.98776323,236,Subscriber
998,2019-01-01 07:08:17,3711,40.72966729,-73.98067966,519,Subscriber
173,2019-01-01 07:08:17,394,40.72521311,-73.97768752,326,Subscriber
467,2019-01-01 07:08:32,2012,40.739445,-73.976806,164,Subscriber
110,2019-01-01 07:08:36,302,40.72082834,-73.97793172,394,Subscriber
318,2019-01-01 07:08:42,3296,40.78245418,-73.94891962,3290,Subscriber
226,2019-01-01 07:08:54,2003,40.73381219,-73.98054421,2012,Subscriber
250,2019-01-01 07:09:24,357,40.73261787,-73.99158043,3709,Subscriber
1801,2019-01-01 07:10:16,412,40.7158155,-73.99422366,412,Subscriber
570,2019-01-01 07:10:34,3397,40.6763947,-73.99869893,143,Subscriber
558,2019-01-01 07:10:44,237,40.73047309,-73.98672378,358,Subscriber
169,2019-01-01 07:10:59,414,40.70281858,-73.98765762,321,Subscriber
1046,2019-01-01 07:11:32,401,40.72019576,-73.98997825,3074,Customer
2022,2019-01-01 07:11:51,3086,40.715143,-73.944507,3676,Subscriber
208,2019-01-01 07:12:11,507,40.73912601,-73.97973776,536,Subscriber
447,2019-01-01 07:12:21,519,40.751873,-73.977706,492,Subscriber
304,2019-01-01 07:13:20,323,40.69236178,-73.98631746,144,Subscriber
630,2019-01-01 07:13:20,3141,40.76500525,-73.95818491,3351,Subscriber
400,2019-01-01 07:13:29,238,40.7361967,-74.00859207,223,Subscriber
1491,2019-01-01 07:14:00,3161,40.78018397,-73.97728533,528,Subscriber
397,2019-01-01 07:14:32,382,40.73492695,-73.99200509,405,Subscriber
1066,2019-01-01 07:14:43,502,40.714215,-73.981346,362,Subscriber
778,2019-01-01 07:15:13,325,40.73624527,-73.98473765,359,Subscriber
88,2019-01-01 07:15:13,3306,40.6662078,-73.98199886,3297,Subscriber
694,2019-01-01 07:15:37,295,40.71406667,-73.99293911,339,Subscriber
365,2019-01-01 07:15:40,474,40.7451677,-73.98683077,529,Subscriber
324,2019-01-01 07:16:09,3310,40.663779,-73.98396846,3423,Subscriber
2214,2019-01-01 07:16:27,3424,40.791976,-73.945993,3309,Subscriber
2129,2019-01-01 07:17:25,482,40.73935542,-73.99931783,3686,Subscriber
213,2019-01-01 07:17:58,460,40.71285887,-73.96590294,3093,Subscriber
1624,2019-01-01 07:19:29,3701,40.70831794,-74.00504082,327,Subscriber
27858,2019-01-01 07:19:55,317,40.72453734,-73.98185424,236,Customer
845,2019-01-01 07:19:55,3049,40.68488,-73.96304,241,Subscriber
124,2019-01-01 07:20:07,3156,40.76663814,-73.95348296,3151,Subscriber
341,2019-01-01 07:20:07,445,40.72740794,-73.98142006,285,Subscriber
1263,2019-01-01 07:20:18,418,40.70224,-73.982578,387,Subscriber
424,2019-01-01 07:20:44,3383,40.804213,-73.96699104,3169,Subscriber
453,2019-01-01 07:21:12,445,40.72740794,-73.98142006,2012,Subscriber
838,2019-01-01 07:21:01,3060,40.69425403,-73.94626915,3674,Subscriber
393,2019-01-01 07:21:15,3296,40.78245418,-73.94891962,3345,Subscriber
831,2019-01-01 07:21:35,315,40.70355377,-74.00670227,82,Customer
224,2019-01-01 07:21:57,447,40.76370739,-73.9851615,499,Subscriber
1030,2019-01-01 07:22:11,3674,40.70140317,-73.9867267,3701,Subscriber
656,2019-01-01 07:22:07,414,40.70281858,-73.98765762,270,Subscriber
429,2019-01-01 07:23:25,3345,40.78948542,-73.95242929,3350,Subscriber
330,2019-01-01 07:23:36,3297,40.6686627,-73.97988067,3418,Subscriber
407,2019-01-01 07:23:48,3168,40.78472675,-73.96961715,3159,Subscriber
1471,2019-01-01 07:24:02,319,40.711066,-74.009447,3687,Subscriber
133,2019-01-01 07:24:26,418,40.70224,-73.982578,144,Subscriber
387,2019-01-01 07:24:40,3147,40.77801203,-73.95407149,3141,Subscriber
1058,2019-01-01 07:24:47,3377,40.6786115,-73.99037292,3377,Subscriber
517,2019-01-01 07:24:46,3463,40.73536706,-73.98797393,536,Subscriber
686,2019-01-01 07:25:15,385,40.75797322,-73.96603308,524,Subscriber
2422,2019-01-01 07:25:30,407,40.700469,-73.991454,387,Customer
114,2019-01-01 07:25:36,3223,40.75899656,-73.96865398,385,Subscriber
1783,2019-01-01 07:25:53,3581,40.6740123,-73.9671457,3581,Subscriber
206,2019-01-01 07:26:07,446,40.74487634,-73.99529885,496,Subscriber
457,2019-01-01 07:26:47,2012,40.739445,-73.976806,492,Subscriber
1495,2019-01-01 07:26:46,3508,40.809725,-73.953149,3141,Subscriber
333,2019-01-01 07:27:06,144,40.69839895,-73.98068914,274,Subscriber
1127,2019-01-01 07:27:45,3016,40.72036775,-73.96165073,372,Customer
656,2019-01-01 07:28:02,385,40.75797322,-73.96603308,529,Subscriber
114,2019-01-01 07:28:07,382,40.73492695,-73.99200509,3709,Subscriber
982,2019-01-01 07:28:19,3551,40.795508,-73.941606,3141,Subscriber
2026,2019-01-01 07:28:25,3132,40.76350532,-73.97109243,3676,Subscriber
756,2019-01-01 07:28:32,3508,40.809725,-73.953149,3350,Subscriber
319,2019-01-01 07:30:28,342,40.71739973,-73.98016555,301,Subscriber
939,2019-01-01 07:30:41,3148,40.77565541,-73.95068615,3137,Subscriber
362,2019-01-01 07:30:45,3141,40.76500525,-73.95818491,3288,Subscriber
502,2019-01-01 07:30:53,285,40.73454567,-73.99074142,536,Subscriber
931,2019-01-01 07:30:58,3674,40.70140317,-73.9867267,401,Subscriber
179,2019-01-01 07:31:08,3124,40.74731,-73.95451,3119,Subscriber
2125,2019-01-01 07:31:12,3148,40.77565541,-73.95068615,3150,Customer
1427,2019-01-01 07:31:53,82,40.71117416,-74.00016545,524,Subscriber
2068,2019-01-01 07:32:22,3294,40.7835016,-73.955327,3294,Subscriber
337,2019-01-01 07:33:13,3058,40.69237074,-73.93705428,409,Subscriber
869,2019-01-01 07:33:08,291,40.713126,-73.984844,427,Subscriber
1471,2019-01-01 07:33:18,334,40.74238787,-73.99726235,450,Subscriber
113,2019-01-01 07:33:38,174,40.7381765,-73.97738662,174,Subscriber
1125,2019-01-01 07:33:43,3124,40.74731,-73.95451,305,Subscriber
1134,2019-01-01 07:34:58,3580,40.6737236,-73.9631611,3081,Subscriber
520,2019-01-01 07:35:06,504,40.73221853,-73.98165557,3687,Subscriber
1153,2019-01-01 07:35:25,270,40.69308257,-73.97178913,3576,Subscriber
358,2019-01-01 07:35:26,3718,40.72746421,-73.97950418,312,Subscriber
436,2019-01-01 07:35:30,358,40.73291553,-74.00711384,327,Subscriber
661,2019-01-01 07:36:13,480,40.76669671,-73.99061728,3255,Subscriber
788,2019-01-01 07:36:38,326,40.72953837,-73.98426726,524,Subscriber
474,2019-01-01 07:36:42,3496,40.7923272,-73.9383,3305,Subscriber
2007,2019-01-01 07:36:46,3119,40.74232744,-73.95411749,3124,Customer
150,2019-01-01 07:37:19,458,40.751396,-74.005226,3259,Subscriber
904,2019-01-01 07:37:22,237,40.73047309,-73.98672378,302,Subscriber
402,2019-01-01 07:37:31,350,40.71559509,-73.9870295,296,Subscriber
574,2019-01-01 07:37:27,490,40.751551,-73.993934,334,Subscriber
283,2019-01-01 07:37:53,499,40.76915505,-73.98191841,3164,Subscriber
188,2019-01-01 07:38:05,3077,40.70877084,-73.95095259,3087,Subscriber
1123,2019-01-01 07:38:21,3301,40.7919557,-73.968087,3141,Subscriber
2210,2019-01-01 07:38:20,3349,40.6729679,-73.97087984,3349,Customer
207,2019-01-01 07:38:39,495,40.76269882,-73.99301222,529,Subscriber
553,2019-01-01 07:39:27,3329,40.6829151,-73.99318208,3409,Subscriber
326,2019-01-01 07:39:31,3151,40.7728384,-73.94989233,3362,Subscriber
384,2019-01-01 07:40:04,3307,40.7941654,-73.974124,3383,Subscriber
458,2019-01-01 07:40:28,317,40.72453734,-73.98185424,411,Subscriber
655,2019-01-01 07:40:26,3110,40.72708584,-73.95299117,3119,Subscriber
1394,2019-01-01 07:40:48,3363,40.7904828,-73.95033068,519,Subscriber
2056,2019-01-01 07:40:55,3349,40.6729679,-73.97087984,3349,Customer
1021,2019-01-01 07:41:14,410,40.72066442,-73.98517977,383,Subscriber
176,2019-01-01 07:41:17,3165,40.77579377,-73.97620574,3164,Subscriber
1022,2019-01-01 07:41:25,359,40.75510267,-73.97498696,394,Subscriber
319,2019-01-01 07:42:08,392,40.695065,-73.987167,324,Subscriber
2681,2019-01-01 07:42:10,3541,40.813358,-73.956461,3295,Subscriber
430,2019-01-01 07:42:42,3711,40.72966729,-73.98067966,536,Subscriber
251,2019-01-01 07:42:59,445,40.72740794,-73.98142006,302,Subscriber
279,2019-01-01 07:43:11,3242,40.69102926,-73.99183363,3321,Subscriber
264,2019-01-01 07:43:12,3389,40.6830456,-74.00348559,398,Subscriber
451,2019-01-01 07:43:22,394,40.72521311,-73.97768752,254,Subscriber
134,2019-01-01 07:43:25,390,40.69221589,-73.9842844,3440,Subscriber
704,2019-01-01 07:43:39,448,40.75660359,-73.9979009,3457,Subscriber
947,2019-01-01 07:44:13,478,40.76030096,-73.99884222,2006,Subscriber
506,2019-01-01 07:44:31,504,40.73221853,-73.98165557,3687,Subscriber
1261,2019-01-01 07:44:34,3101,40.72079821,-73.95484712,3002,Subscriber
356,2019-01-01 07:44:36,491,40.74096374,-73.98602213,2012,Subscriber
850,2019-01-01 07:45:01,3107,40.72311651,-73.95212324,401,Subscriber
410,2019-01-01 07:45:23,363,40.70834698,-74.01713445,146,Subscriber
948,2019-01-01 07:45:25,3543,40.81028506,-73.95736456,3168,Subscriber
283,2019-01-01 07:45:33,3522,40.7701477,-73.9120938,3602,Subscriber
389,2019-01-01 07:46:00,520,40.75992262,-73.97648516,281,Subscriber
499,2019-01-01 07:46:14,3497,40.7949879,-73.9333349,3323,Subscriber
201,2019-01-01 07:46:11,491,40.74096374,-73.98602213,402,Subscriber
152,2019-01-01 07:46:38,301,40.72217444,-73.98368779,432,Subscriber
144,2019-01-01 07:46:53,528,40.74290902,-73.97706058,2012,Subscriber
367,2019-01-01 07:46:53,467,40.68312489,-73.97895137,3410,Subscriber
672,2019-01-01 07:47:37,3042,40.6794268,-73.9298911,344,Subscriber
242,2019-01-01 07:48:12,490,40.751551,-73.993934,448,Subscriber
1371,2019-01-01 07:48:30,327,40.7153379,-74.01658354,3701,Subscriber
276,2019-01-01 07:48:30,3409,40.6867443,-73.99063168,3321,Subscriber
1063,2019-01-01 07:49:32,3145,40.77862688,-73.95772073,2021,Subscriber
288,2019-01-01 07:49:17,3146,40.77573034,-73.9567526,3369,Subscriber
687,2019-01-01 07:49:18,3653,40.75820465,-73.9283216,2022,Subscriber
308,2019-01-01 07:49:17,342,40.71739973,-73.98016555,394,Subscriber
470,2019-01-01 07:49:25,3576,40.6767,-73.969024,244,Subscriber
407,2019-01-01 07:50:35,212,40.74334935,-74.00681753,358,Subscriber
285,2019-01-01 07:50:50,293,40.73020661,-73.99102628,369,Subscriber
397,2019-01-01 07:51:24,399,40.68851534,-73.9647628,3486,Subscriber
1335,2019-01-01 07:51:28,308,40.71307916,-73.99851193,414,Subscriber
194,2019-01-01 07:51:45,394,40.72521311,-73.97768752,504,Subscriber
549,2019-01-01 07:51:42,3141,40.76500525,-73.95818491,528,Subscriber
423,2019-01-01 07:51:48,3002,40.711512,-74.015756,3256,Subscriber
131,2019-01-01 07:51:57,494,40.74734825,-73.99723551,3255,Subscriber
210,2019-01-01 07:52:07,3345,40.78948542,-73.95242929,3425,Subscriber
1085,2019-01-01 07:52:16,3659,40.74294892,-74.00413692,2006,Subscriber
891,2019-01-01 07:52:20,379,40.749156,-73.9916,236,Subscriber
1206,2019-01-01 07:52:38,302,40.72082834,-73.97793172,411,Subscriber
243,2019-01-01 07:53:31,3309,40.7859201,-73.94860294,3424,Subscriber
474,2019-01-01 07:54:02,266,40.72368361,-73.97574813,340,Subscriber
265,2019-01-01 07:54:21,411,40.72228087,-73.97668709,410,Subscriber
618,2019-01-01 07:55:46,295,40.71406667,-73.99293911,229,Subscriber
1378,2019-01-01 07:55:54,3067,40.7016657,-73.9437303,301,Subscriber
140,2019-01-01 07:55:51,303,40.72362738,-73.99949601,151,Subscriber
995,2019-01-01 07:56:10,265,40.72229346,-73.99147535,3066,Subscriber
231,2019-01-01 07:56:46,507,40.73912601,-73.97973776,2003,Subscriber
637,2019-01-01 07:57:05,3151,40.7728384,-73.94989233,3136,Subscriber
633,2019-01-01 07:57:05,3151,40.7728384,-73.94989233,3136,Subscriber
435,2019-01-01 07:57:08,167,40.7489006,-73.97604882,3457,Subscriber
403,2019-01-01 07:57:24,394,40.72521311,-73.97768752,3263,Subscriber
869,2019-01-01 07:57:27,307,40.71427487,-73.98990025,507,Subscriber
264,2019-01-01 07:57:42,164,40.75323098,-73.97032517,3457,Subscriber
253,2019-01-01 07:57:41,326,40.72953837,-73.98426726,293,Subscriber
605,2019-01-01 07:58:11,245,40.69327018,-73.97703874,310,Subscriber
389,2019-01-01 07:58:23,3412,40.6853761,-73.98302136,3663,Subscriber
511,2019-01-01 07:58:25,3396,40.6783563,-74.00014502,143,Subscriber
1085,2019-01-01 07:58:34,347,40.728846,-74.008591,478,Subscriber
691,2019-01-01 07:58:47,501,40.744219,-73.97121214,393,Subscriber
186,2019-01-01 07:58:56,494,40.74734825,-73.99723551,490,Subscriber
2049,2019-01-01 07:59:15,128,40.72710258,-74.00297088,3171,Subscriber
1373,2019-01-01 07:59:13,394,40.72521311,-73.97768752,353,Subscriber
3996,2019-01-01 07:59:26,344,40.6851443,-73.95380904,3393,Subscriber
560,2019-01-01 07:59:42,174,40.7381765,-73.97738662,385,Subscriber
698,2019-01-01 07:59:43,368,40.73038599,-74.00214988,327,Subscriber
467,2019-01-01 07:59:54,3283,40.7882213,-73.97041561,3164,Subscriber
3112,2019-01-01 08:00:14,3434,40.79025417,-73.9771834,347,Subscriber
384,2019-01-01 08:00:18,490,40.751551,-73.993934,459,Subscriber
1011,2019-01-01 08:00:55,3121,40.74524768,-73.94733276,3121,Subscriber
126,2019-01-01 08:01:12,151,40.72210379,-73.99724901,3427,Subscriber
281,2019-01-01 08:01:11,229,40.72743423,-73.99379025,252,Subscriber
216,2019-01-01 08:01:11,3358,40.6711978,-73.97484126,3304,Subscriber
222,2019-01-01 08:01:16,3360,40.7829391,-73.9786517,3434,Subscriber
1933,2019-01-01 08:01:19,3372,40.7689738,-73.95482273,448,Subscriber
240,2019-01-01 08:01:25,2008,40.70569254,-74.01677685,534,Subscriber
485,2019-01-01 08:01:36,302,40.72082834,-73.97793172,531,Subscriber
1785,2019-01-01 08:01:55,319,40.711066,-74.009447,293,Subscriber
612,2019-01-01 08:02:08,536,40.74144387,-73.97536082,492,Subscriber
597,2019-01-01 08:02:19,342,40.71739973,-73.98016555,445,Subscriber
937,2019-01-01 08:02:35,380,40.73401143,-74.00293877,519,Subscriber
1143,2019-01-01 08:02:36,3417,40.6795766,-73.97854971,417,Subscriber
120,2019-01-01 08:02:39,297,40.734232,-73.986923,461,Subscriber
1140,2019-01-01 08:02:42,2012,40.739445,-73.976806,323,Subscriber
546,2019-01-01 08:02:46,3166,40.78057799,-73.98562431,3158,Subscriber
1914,2019-01-01 08:03:03,3368,40.6728155,-73.98352355,3092,Subscriber
330,2019-01-01 08:03:05,353,40.68539567,-73.97431458,314,Subscriber
356,2019-01-01 08:03:09,3167,40.77966809,-73.98093045,2006,Subscriber
384,2019-01-01 08:03:14,327,40.7153379,-74.01658354,3256,Subscriber
1797,2019-01-01 08:03:23,3541,40.813358,-73.956461,3529,Subscriber
87,2019-01-01 08:03:46,3167,40.77966809,-73.98093045,3167,Subscriber
207,2019-01-01 08:03:53,3074,40.70767788,-73.94016171,3081,Subscriber
1407,2019-01-01 08:03:59,411,40.72228087,-73.97668709,3686,Subscriber
611,2019-01-01 08:04:21,3686,40.7394482,-74.00507033,3263,Subscriber
223,2019-01-01 08:04:51,3697,40.77515953,-73.98918696,3175,Subscriber
828,2019-01-01 08:04:48,3435,40.718822,-73.99596,2008,Subscriber
558,2019-01-01 08:04:57,3502,40.7954121,-73.9441232,3529,Subscriber
597,2019-01-01 08:05:05,3486,40.68841743,-73.98451656,3486,Subscriber
129,2019-01-01 08:05:10,3360,40.7829391,-73.9786517,3360,Subscriber
150,2019-01-01 08:05:18,3427,40.72430527,-73.99600983,3260,Subscriber
1537,2019-01-01 08:05:26,3324,40.6685455,-73.99333264,3067,Subscriber
832,2019-01-01 08:05:33,3405,40.6704836,-73.98208968,3486,Subscriber
1078,2019-01-01 08:05:48,3687,40.74322681,-73.97449784,519,Subscriber
746,2019-01-01 08:06:37,3405,40.6704836,-73.98208968,3486,Subscriber
297,2019-01-01 08:06:28,293,40.73020661,-73.99102628,445,Subscriber
129,2019-01-01 08:06:37,3687,40.74322681,-73.97449784,507,Subscriber
178,2019-01-01 08:06:55,261,40.69474881,-73.98362464,323,Subscriber
743,2019-01-01 08:07:05,487,40.73314259,-73.97573881,3459,Subscriber
1034,2019-01-01 08:07:36,238,40.7361967,-74.00859207,3235,Subscriber
462,2019-01-01 08:07:47,453,40.74475148,-73.99915362,388,Subscriber
840,2019-01-01 08:08:54,394,40.72521311,-73.97768752,3687,Subscriber
335,2019-01-01 08:08:56,3377,40.6786115,-73.99037292,3304,Subscriber
188,2019-01-01 08:09:09,3576,40.6767,-73.969024,3549,Subscriber
1574,2019-01-01 08:09:11,3260,40.72706363,-73.99662137,3502,Subscriber
94,2019-01-01 08:09:16,385,40.75797322,-73.96603308,441,Subscriber
1410,2019-01-01 08:09:34,326,40.72953837,-73.98426726,319,Subscriber
828,2019-01-01 08:09:58,3172,40.7785669,-73.97754961,3288,Subscriber
152,2019-01-01 08:09:46,472,40.7457121,-73.98194829,498,Subscriber
1649,2019-01-01 08:10:12,2006,40.76590936,-73.97634151,2006,Customer
1623,2019-01-01 08:10:37,2006,40.76590936,-73.97634151,2006,Customer
278,2019-01-01 08:10:39,3179,40.698617,-73.941342,3066,Subscriber
1616,2019-01-01 08:10:48,2006,40.76590936,-73.97634151,2006,Customer
198,2019-01-01 08:10:56,487,40.73314259,-73.97573881,2012,Subscriber
391,2019-01-01 08:10:56,516,40.75206862,-73.96784384,3141,Subscriber
355,2019-01-01 08:11:15,291,40.713126,-73.984844,412,Subscriber
258,2019-01-01 08:11:07,486,40.7462009,-73.98855723,2012,Subscriber
257,2019-01-01 08:11:13,528,40.74290902,-73.97706058,2003,Subscriber
127,2019-01-01 08:11:38,3709,40.73804614,-73.99642959,382,Subscriber
210,2019-01-01 08:11:59,296,40.71413089,-73.9970468,307,Subscriber
1804,2019-01-01 08:12:39,3581,40.6740123,-73.9671457,387,Subscriber
146,2019-01-01 08:13:00,3358,40.6711978,-73.97484126,3418,Subscriber
1536,2019-01-01 08:13:16,411,40.72228087,-73.97668709,545,Subscriber
994,2019-01-01 08:13:18,445,40.72740794,-73.98142006,486,Subscriber
815,2019-01-01 08:13:23,3141,40.76500525,-73.95818491,498,Subscriber
311,2019-01-01 08:13:25,360,40.70717936,-74.00887308,309,Subscriber
486,2019-01-01 08:13:30,3066,40.69957608,-73.94708417,3050,Subscriber
356,2019-01-01 08:13:48,3124,40.74731,-73.95451,3127,Customer
151,2019-01-01 08:14:05,358,40.73291553,-74.00711384,380,Subscriber
731,2019-01-01 08:14:06,2009,40.71117444,-73.99682619,264,Subscriber
168,2019-01-01 08:14:10,3383,40.804213,-73.96699104,3357,Subscriber
1023,2019-01-01 08:14:14,485,40.75038009,-73.98338988,446,Customer
668,2019-01-01 08:14:15,3489,40.71069995,-74.00354147,229,Subscriber
269,2019-01-01 08:14:18,2008,40.70569254,-74.01677685,259,Subscriber
86,2019-01-01 08:14:16,293,40.73020661,-73.99102628,293,Subscriber
383,2019-01-01 08:14:22,529,40.7575699,-73.99098507,423,Subscriber
982,2019-01-01 08:14:59,485,40.75038009,-73.98338988,446,Customer
408,2019-01-01 08:15:19,3283,40.7882213,-73.97041561,3360,Subscriber
400,2019-01-01 08:15:23,2012,40.739445,-73.976806,3255,Subscriber
645,2019-01-01 08:15:20,342,40.71739973,-73.98016555,2009,Subscriber
13473,2019-01-01 08:15:26,485,40.75038009,-73.98338988,432,Customer
125,2019-01-01 08:15:40,497,40.73704984,-73.99009296,382,Subscriber
434,2019-01-01 08:15:40,3719,40.68322254,-73.97381186,3637,Subscriber
691,2019-01-01 08:15:47,285,40.73454567,-73.99074142,379,Subscriber
141,2019-01-01 08:15:47,3718,40.72746421,-73.97950418,394,Subscriber
195,2019-01-01 08:15:55,3087,40.71413311,-73.95234386,539,Subscriber
883,2019-01-01 08:16:01,296,40.71413089,-73.9970468,403,Subscriber
225,2019-01-01 08:16:12,3167,40.77966809,-73.98093045,3177,Subscriber
443,2019-01-01 08:16:58,472,40.7457121,-73.98194829,168,Subscriber
225,2019-01-01 08:17:01,3226,40.78275,-73.97137,3165,Subscriber
156,2019-01-01 08:17:05,3630,40.8038654,-73.9559308,3374,Subscriber
1041,2019-01-01 08:17:13,3108,40.72557,-73.94434,532,Customer
868,2019-01-01 08:17:13,3108,40.72557,-73.94434,532,Customer
77,2019-01-01 08:17:29,314,40.69383,-73.990539,3242,Subscriber
4090,2019-01-01 08:17:34,3178,40.78414472,-73.98362492,3178,Subscriber
713,2019-01-01 08:17:33,3066,40.69957608,-73.94708417,3637,Subscriber
128,2019-01-01 08:17:38,545,40.736502,-73.97809472,545,Subscriber
774,2019-01-01 08:17:51,470,40.74345335,-74.00004031,447,Subscriber
1057,2019-01-01 08:17:58,426,40.71754834,-74.01322069,380,Subscriber
381,2019-01-01 08:17:57,350,40.71559509,-73.9870295,265,Subscriber
1727,2019-01-01 08:17:59,2009,40.71117444,-73.99682619,3236,Subscriber
1856,2019-01-01 08:18:22,2008,40.70569254,-74.01677685,478,Subscriber
1207,2019-01-01 08:18:37,3378,40.773763,-73.96222088,3622,Subscriber
1982,2019-01-01 08:18:42,3463,40.73536706,-73.98797393,3459,Customer
683,2019-01-01 08:18:44,498,40.74854862,-73.98808416,127,Subscriber
300,2019-01-01 08:19:01,305,40.76095756,-73.96724467,3136,Subscriber
432,2019-01-01 08:19:03,529,40.7575699,-73.99098507,494,Subscriber
423,2019-01-01 08:19:18,342,40.71739973,-73.98016555,432,Subscriber
2283,2019-01-01 08:19:21,529,40.7575699,-73.99098507,3233,Customer
2285,2019-01-01 08:19:22,529,40.7575699,-73.99098507,3233,Customer
1873,2019-01-01 08:19:27,401,40.72019576,-73.98997825,3367,Subscriber
280,2019-01-01 08:19:34,546,40.74444921,-73.98303529,519,Subscriber
211,2019-01-01 08:19:41,3106,40.72325,-73.94308,3100,Subscriber
1538,2019-01-01 08:19:52,446,40.74487634,-73.99529885,223,Customer
922,2019-01-01 08:19:51,426,40.71754834,-74.01322069,3260,Subscriber
878,2019-01-01 08:19:53,293,40.73020661,-73.99102628,3255,Subscriber
416,2019-01-01 08:20:03,3427,40.72430527,-73.99600983,531,Subscriber
406,2019-01-01 08:20:02,394,40.72521311,-73.97768752,3263,Subscriber
406,2019-01-01 08:20:19,498,40.74854862,-73.98808416,3258,Subscriber
1245,2019-01-01 08:20:24,3467,40.72494672,-74.00165856,478,Subscriber
621,2019-01-01 08:20:21,3580,40.6737236,-73.9631611,258,Subscriber
369,2019-01-01 08:20:27,350,40.71559509,-73.9870295,2009,Subscriber
171,2019-01-01 08:20:38,3374,40.799484,-73.955613,3302,Subscriber
811,2019-01-01 08:20:39,462,40.74691959,-74.00451887,362,Subscriber
498,2019-01-01 08:20:46,474,40.7451677,-73.98683077,3680,Subscriber
248,2019-01-01 08:20:55,403,40.72502876,-73.99069656,317,Subscriber
82,2019-01-01 08:21:00,3346,40.67514684,-73.97523209,3339,Subscriber
1209,2019-01-01 08:21:07,412,40.7158155,-73.99422366,167,Customer
265,2019-01-01 08:21:24,3321,40.6831164,-73.99785267,3410,Subscriber
443,2019-01-01 08:21:34,361,40.71605866,-73.99190759,236,Subscriber
1573,2019-01-01 08:22:05,513,40.768254,-73.988639,450,Subscriber
531,2019-01-01 08:22:22,3223,40.75899656,-73.96865398,3372,Subscriber
642,2019-01-01 08:22:13,545,40.736502,-73.97809472,341,Subscriber
852,2019-01-01 08:22:18,3127,40.74966,-73.9521,3130,Customer
865,2019-01-01 08:22:26,353,40.68539567,-73.97431458,3585,Subscriber
243,2019-01-01 08:22:50,330,40.71450451,-74.00562789,360,Subscriber
704,2019-01-01 08:23:06,3474,40.7252557,-74.00412083,546,Subscriber
116,2019-01-01 08:23:13,326,40.72953837,-73.98426726,432,Subscriber
449,2019-01-01 08:23:28,490,40.751551,-73.993934,480,Subscriber
1336,2019-01-01 08:24:10,3674,40.70140317,-73.9867267,376,Subscriber
163,2019-01-01 08:24:17,328,40.72405549,-74.00965965,128,Subscriber
2592,2019-01-01 08:24:29,502,40.714215,-73.981346,426,Subscriber
518,2019-01-01 08:24:44,281,40.7643971,-73.97371465,3233,Customer
505,2019-01-01 08:24:53,281,40.7643971,-73.97371465,3233,Customer
921,2019-01-01 08:24:55,3453,40.71335226,-73.94910336,3118,Subscriber
355,2019-01-01 08:25:06,293,40.73020661,-73.99102628,445,Subscriber
178,2019-01-01 08:25:45,400,40.71926081,-73.98178024,393,Subscriber
378,2019-01-01 08:25:55,2021,40.75929124,-73.98859651,359,Subscriber
153,2019-01-01 08:25:52,3314,40.7937704,-73.971888,3434,Subscriber
439,2019-01-01 08:26:06,3331,40.8013434,-73.97114574,3293,Subscriber
897,2019-01-01 08:26:13,487,40.73314259,-73.97573881,212,Subscriber
915,2019-01-01 08:26:22,504,40.73221853,-73.98165557,529,Subscriber
686,2019-01-01 08:26:24,3255,40.75058535,-73.99468482,265,Subscriber
120,2019-01-01 08:26:25,492,40.75019995,-73.99093085,486,Subscriber
1005,2019-01-01 08:27:00,368,40.73038599,-74.00214988,3173,Subscriber
2668,2019-01-01 08:27:02,3295,40.79127,-73.964839,281,Subscriber
315,2019-01-01 08:26:59,447,40.76370739,-73.9851615,524,Subscriber
752,2019-01-01 08:27:04,120,40.68676793,-73.95928168,2002,Subscriber
83,2019-01-01 08:27:48,266,40.72368361,-73.97574813,339,Subscriber
704,2019-01-01 08:27:55,2000,40.70255088,-73.98940236,245,Subscriber
760,2019-01-01 08:28:27,3604,40.6630619,-73.9538746,3057,Subscriber
1508,2019-01-01 08:28:50,432,40.72621788,-73.98379855,3167,Subscriber
1801,2019-01-01 08:29:13,3165,40.77579377,-73.97620574,3137,Subscriber
113,2019-01-01 08:29:09,3175,40.77748046,-73.98288594,3164,Subscriber
760,2019-01-01 08:29:25,339,40.72580614,-73.97422494,503,Subscriber
974,2019-01-01 08:29:22,332,40.71219906,-73.97948148,337,Subscriber
380,2019-01-01 08:29:29,362,40.75172632,-73.98753523,379,Subscriber
307,2019-01-01 08:29:39,393,40.72299208,-73.97995466,342,Subscriber
411,2019-01-01 08:29:55,3699,40.76360468,-73.98917958,3167,Subscriber
1096,2019-01-01 08:30:04,357,40.73261787,-73.99158043,529,Subscriber
472,2019-01-01 08:30:21,3307,40.7941654,-73.974124,3320,Subscriber
226,2019-01-01 08:30:30,3147,40.77801203,-73.95407149,3140,Subscriber
1148,2019-01-01 08:30:38,509,40.7454973,-74.00197139,530,Subscriber
165,2019-01-01 08:31:14,460,40.71285887,-73.96590294,2002,Subscriber
583,2019-01-01 08:31:39,494,40.74734825,-73.99723551,3684,Subscriber
88,2019-01-01 08:31:56,536,40.74144387,-73.97536082,528,Subscriber
1481,2019-01-01 08:32:04,507,40.73912601,-73.97973776,396,Subscriber
401,2019-01-01 08:32:13,3263,40.72951496,-73.9907527,402,Subscriber
316,2019-01-01 08:32:16,426,40.71754834,-74.01322069,3256,Subscriber
943,2019-01-01 08:32:33,3160,40.77896784,-73.97374737,3299,Subscriber
949,2019-01-01 08:32:36,3002,40.711512,-74.015756,3427,Subscriber
135,2019-01-01 08:32:39,504,40.73221853,-73.98165557,545,Subscriber
876,2019-01-01 08:32:45,3295,40.79127,-73.964839,3540,Subscriber
257,2019-01-01 08:32:51,432,40.72621788,-73.98379855,3263,Customer
625,2019-01-01 08:32:52,3660,40.74102151,-74.00138497,447,Subscriber
820,2019-01-01 08:32:58,3718,40.72746421,-73.97950418,3435,Subscriber
609,2019-01-01 08:33:02,447,40.76370739,-73.9851615,362,Subscriber
132,2019-01-01 08:33:20,304,40.70463334,-74.01361706,360,Subscriber
198,2019-01-01 08:33:09,3301,40.7919557,-73.968087,3341,Subscriber
288,2019-01-01 08:33:17,223,40.73781509,-73.99994661,254,Subscriber
492,2019-01-01 08:33:35,168,40.73971301,-73.99456405,485,Subscriber
2574,2019-01-01 08:33:41,3256,40.72771408,-74.01129574,3256,Subscriber
1346,2019-01-01 08:33:57,3435,40.718822,-73.99596,143,Subscriber
281,2019-01-01 08:34:06,3169,40.78720869,-73.98128127,3170,Subscriber
343,2019-01-01 08:34:13,3354,40.668132,-73.97363831,3304,Subscriber
635,2019-01-01 08:34:44,339,40.72580614,-73.97422494,491,Subscriber
1054,2019-01-01 08:34:41,2002,40.716887,-73.963198,229,Subscriber
2130,2019-01-01 08:34:51,3529,40.8107922,-73.9430681,3531,Subscriber
804,2019-01-01 08:35:22,3422,40.6859296,-74.00242364,3422,Subscriber
815,2019-01-01 08:35:32,3259,40.74937024,-73.99923384,2003,Subscriber
529,2019-01-01 08:35:35,394,40.72521311,-73.97768752,285,Subscriber
275,2019-01-01 08:35:53,3170,40.78499979,-73.97283406,3167,Subscriber
166,2019-01-01 08:36:06,3102,40.72179134,-73.9504154,3715,Subscriber
505,2019-01-01 08:36:27,3687,40.74322681,-73.97449784,379,Subscriber
1592,2019-01-01 08:36:57,3502,40.7954121,-73.9441232,3345,Subscriber
1360,2019-01-01 08:36:57,3172,40.7785669,-73.97754961,3680,Subscriber
1676,2019-01-01 08:37:08,532,40.710451,-73.960876,438,Customer
216,2019-01-01 08:37:07,223,40.73781509,-73.99994661,346,Subscriber
388,2019-01-01 08:37:14,3378,40.773763,-73.96222088,3336,Subscriber
1350,2019-01-01 08:37:12,3369,40.7724607,-73.9468208,3231,Subscriber
1272,2019-01-01 08:37:15,532,40.710451,-73.960876,401,Customer
1168,2019-01-01 08:37:24,532,40.710451,-73.960876,312,Customer
446,2019-01-01 08:37:28,3151,40.7728384,-73.94989233,3375,Subscriber
287,2019-01-01 08:37:28,334,40.74238787,-73.99726235,3684,Subscriber
262,2019-01-01 08:37:29,3358,40.6711978,-73.97484126,3335,Subscriber
446,2019-01-01 08:37:59,3434,40.79025417,-73.9771834,3159,Subscriber
384,2019-01-01 08:38:04,356,40.71622644,-73.98261206,473,Subscriber
440,2019-01-01 08:38:05,3081,40.711863,-73.944024,532,Subscriber
218,2019-01-01 08:38:06,3585,40.6691783,-73.9554162,3599,Subscriber
578,2019-01-01 08:38:33,455,40.75001986,-73.96905301,3135,Subscriber
325,2019-01-01 08:38:41,398,40.69165183,-73.9999786,3389,Subscriber
267,2019-01-01 08:38:47,454,40.75455731,-73.96592976,455,Subscriber
447,2019-01-01 08:38:56,3255,40.75058535,-73.99468482,168,Subscriber
149,2019-01-01 08:38:58,3656,40.72307749,-73.98583621,317,Subscriber
2379,2019-01-01 08:39:02,545,40.736502,-73.97809472,3457,Subscriber
543,2019-01-01 08:39:12,387,40.71273266,-74.0046073,260,Customer
1124,2019-01-01 08:39:34,3457,40.76302594,-73.97209525,362,Subscriber
379,2019-01-01 08:39:42,244,40.69196035,-73.96536851,3232,Subscriber
708,2019-01-01 08:39:47,409,40.6906495,-73.95643107,324,Subscriber
326,2019-01-01 08:39:51,3050,40.6851532,-73.94111,3050,Subscriber
283,2019-01-01 08:39:51,502,40.714215,-73.981346,295,Subscriber
315,2019-01-01 08:39:58,450,40.76227205,-73.98788205,72,Subscriber
241,2019-01-01 08:40:11,3289,40.79017948,-73.97288918,3314,Subscriber
732,2019-01-01 08:40:25,302,40.72082834,-73.97793172,296,Subscriber
737,2019-01-01 08:40:51,350,40.71559509,-73.9870295,357,Subscriber
222,2019-01-01 08:41:04,3546,40.6791944,-73.9587903,3562,Subscriber
224,2019-01-01 08:41:13,3361,40.6740886,-73.9787282,3304,Subscriber
317,2019-01-01 08:41:18,3490,40.796879,-73.937261,3387,Subscriber
1010,2019-01-01 08:41:28,365,40.68223166,-73.9614583,2002,Subscriber
113,2019-01-01 08:41:30,2003,40.73381219,-73.98054421,504,Subscriber
260,2019-01-01 08:41:32,3560,40.754876,-73.934326,3129,Subscriber
1699,2019-01-01 08:41:34,380,40.73401143,-74.00293877,3660,Subscriber
115,2019-01-01 08:41:43,304,40.70463334,-74.01361706,360,Subscriber
1104,2019-01-01 08:41:41,411,40.72228087,-73.97668709,337,Subscriber
464,2019-01-01 08:41:41,3529,40.8107922,-73.9430681,3367,Subscriber
123,2019-01-01 08:41:46,402,40.7403432,-73.98955109,491,Subscriber
247,2019-01-01 08:41:51,303,40.72362738,-73.99949601,229,Subscriber
1168,2019-01-01 08:42:01,519,40.751873,-73.977706,238,Subscriber
561,2019-01-01 08:42:05,3175,40.77748046,-73.98288594,281,Subscriber
1621,2019-01-01 08:42:15,3659,40.74294892,-74.00413692,389,Subscriber
673,2019-01-01 08:42:17,302,40.72082834,-73.97793172,151,Subscriber
609,2019-01-01 08:42:26,3350,40.7973721,-73.97041192,3171,Subscriber
2039,2019-01-01 08:42:27,3701,40.70831794,-74.00504082,363,Subscriber
312,2019-01-01 08:42:38,312,40.722055,-73.989111,3718,Subscriber
304,2019-01-01 08:42:56,3435,40.718822,-73.99596,2009,Subscriber
563,2019-01-01 08:42:56,3457,40.76302594,-73.97209525,3137,Subscriber
460,2019-01-01 08:43:03,528,40.74290902,-73.97706058,285,Subscriber
654,2019-01-01 08:43:05,279,40.707873,-74.00167,279,Customer
355,2019-01-01 08:43:08,3072,40.70583339,-73.94644578,3080,Subscriber
838,2019-01-01 08:43:13,2009,40.71117444,-73.99682619,317,Subscriber
376,2019-01-01 08:44:19,3263,40.72951496,-73.9907527,297,Subscriber
129,2019-01-01 08:44:08,402,40.7403432,-73.98955109,491,Subscriber
349,2019-01-01 08:44:12,545,40.736502,-73.97809472,540,Subscriber
594,2019-01-01 08:44:24,470,40.74345335,-74.00004031,524,Subscriber
212,2019-01-01 08:44:29,245,40.69327018,-73.97703874,239,Subscriber
588,2019-01-01 08:44:32,279,40.707873,-74.00167,279,Customer
504,2019-01-01 08:44:44,317,40.72453734,-73.98185424,368,Subscriber
533,2019-01-01 08:44:52,3057,40.69128258,-73.9452416,3068,Subscriber
1157,2019-01-01 08:44:55,3562,40.6765198,-73.9596082,3599,Subscriber
346,2019-01-01 08:45:17,3538,40.802692,-73.96295,3540,Subscriber
256,2019-01-01 08:45:27,502,40.714215,-73.981346,311,Subscriber
283,2019-01-01 08:45:21,3499,40.8006721,-73.9349,3497,Subscriber
396,2019-01-01 08:45:30,358,40.73291553,-74.00711384,293,Subscriber
381,2019-01-01 08:45:35,285,40.73454567,-73.99074142,3660,Subscriber
329,2019-01-01 08:45:43,393,40.72299208,-73.97995466,251,Subscriber
423,2019-01-01 08:46:14,350,40.71559509,-73.9870295,295,Subscriber
151,2019-01-01 08:46:04,491,40.74096374,-73.98602213,402,Subscriber
75,2019-01-01 08:46:36,3094,40.7169811,-73.94485918,3086,Subscriber
149,2019-01-01 08:46:38,3474,40.7252557,-74.00412083,368,Subscriber
313,2019-01-01 08:46:48,479,40.76019252,-73.9912551,490,Subscriber
880,2019-01-01 08:46:52,3092,40.7190095,-73.95852515,3648,Subscriber
227,2019-01-01 08:46:53,482,40.73935542,-73.99931783,497,Subscriber
664,2019-01-01 08:46:59,454,40.75455731,-73.96592976,499,Subscriber
1774,2019-01-01 08:47:02,2022,40.759107,-73.959223,332,Subscriber
400,2019-01-01 08:47:04,421,40.69573398,-73.97129668,2000,Subscriber
400,2019-01-01 08:47:06,3314,40.7937704,-73.971888,3162,Subscriber
266,2019-01-01 08:47:05,3697,40.77515953,-73.98918696,422,Subscriber
437,2019-01-01 08:47:09,361,40.71605866,-73.99190759,3263,Subscriber
119,2019-01-01 08:47:13,3400,40.7961535,-73.94782145,3502,Subscriber
226,2019-01-01 08:47:20,268,40.71910537,-73.99973337,531,Subscriber
857,2019-01-01 08:47:40,328,40.72405549,-74.00965965,328,Subscriber
277,2019-01-01 08:47:45,410,40.72066442,-73.98517977,473,Subscriber
2056,2019-01-01 08:47:48,245,40.69327018,-73.97703874,3076,Subscriber
1571,2019-01-01 08:48:04,507,40.73912601,-73.97973776,296,Subscriber
319,2019-01-01 08:48:16,3167,40.77966809,-73.98093045,3283,Subscriber
1729,2019-01-01 08:48:18,460,40.71285887,-73.96590294,3427,Subscriber
1433,2019-01-01 08:48:20,393,40.72299208,-73.97995466,3142,Subscriber
298,2019-01-01 08:48:36,446,40.74487634,-73.99529885,503,Subscriber
773,2019-01-01 08:48:54,3165,40.77579377,-73.97620574,3336,Subscriber
213,2019-01-01 08:49:13,3310,40.663779,-73.98396846,3310,Subscriber
1511,2019-01-01 08:49:27,3712,40.75469175,-73.99740189,3293,Subscriber
512,2019-01-01 08:49:48,340,40.71269042,-73.98776323,361,Subscriber
105,2019-01-01 08:49:50,304,40.70463334,-74.01361706,360,Subscriber
507,2019-01-01 08:50:05,301,40.72217444,-73.98368779,412,Subscriber
130,2019-01-01 08:50:06,402,40.7403432,-73.98955109,491,Subscriber
65,2019-01-01 08:50:26,3086,40.715143,-73.944507,3094,Subscriber
1974,2019-01-01 08:50:24,3547,40.8143256,-73.9590255,423,Subscriber
67,2019-01-01 08:50:34,402,40.7403432,-73.98955109,491,Subscriber
183,2019-01-01 08:50:41,3459,40.75763228,-73.96930575,3243,Subscriber
301,2019-01-01 08:50:58,410,40.72066442,-73.98517977,411,Subscriber
1336,2019-01-01 08:50:57,319,40.711066,-74.009447,3711,Subscriber
443,2019-01-01 08:51:00,2012,40.739445,-73.976806,339,Subscriber
914,2019-01-01 08:51:02,402,40.7403432,-73.98955109,349,Subscriber
707,2019-01-01 08:51:06,3086,40.715143,-73.944507,3113,Subscriber
286,2019-01-01 08:51:28,487,40.73314259,-73.97573881,2012,Subscriber
636,2019-01-01 08:51:33,529,40.7575699,-73.99098507,402,Subscriber
270,2019-01-01 08:51:36,529,40.7575699,-73.99098507,513,Subscriber
274,2019-01-01 08:51:40,546,40.74444921,-73.98303529,285,Subscriber
1479,2019-01-01 08:51:45,3684,40.73756121,-74.00398269,3086,Subscriber
763,2019-01-01 08:51:55,394,40.72521311,-73.97768752,368,Subscriber
190,2019-01-01 08:52:04,382,40.73492695,-73.99200509,335,Subscriber
280,2019-01-01 08:52:16,3346,40.67514684,-73.97523209,3368,Subscriber
1758,2019-01-01 08:52:12,478,40.76030096,-73.99884222,2008,Subscriber
838,2019-01-01 08:52:11,3116,40.73266,-73.95826,460,Subscriber
232,2019-01-01 08:52:15,239,40.69196566,-73.9813018,245,Subscriber
1091,2019-01-01 08:52:36,3547,40.8143256,-73.9590255,3496,Subscriber
295,2019-01-01 08:52:52,229,40.72743423,-73.99379025,252,Subscriber
303,2019-01-01 08:53:00,3135,40.77112927,-73.95772297,3231,Subscriber
1449,2019-01-01 08:52:52,3360,40.7829391,-73.9786517,3172,Customer
1595,2019-01-01 08:53:00,341,40.71782143,-73.97628939,315,Subscriber
246,2019-01-01 08:53:00,3684,40.73756121,-74.00398269,334,Subscriber
505,2019-01-01 08:52:56,3360,40.7829391,-73.9786517,3164,Customer
113,2019-01-01 08:53:09,402,40.7403432,-73.98955109,491,Subscriber
356,2019-01-01 08:53:11,247,40.73535398,-74.00483091,462,Subscriber
290,2019-01-01 08:53:20,2000,40.70255088,-73.98940236,314,Subscriber
392,2019-01-01 08:53:28,344,40.6851443,-73.95380904,3637,Subscriber
439,2019-01-01 08:53:49,3715,40.71816969,-73.95520136,3093,Customer
311,2019-01-01 08:54:07,3321,40.6831164,-73.99785267,3402,Subscriber
2510,2019-01-01 08:54:02,347,40.728846,-74.008591,315,Subscriber
329,2019-01-01 08:54:07,3637,40.68323865,-73.96599591,437,Subscriber
296,2019-01-01 08:54:24,3081,40.711863,-73.944024,3452,Subscriber
1374,2019-01-01 08:54:35,467,40.68312489,-73.97895137,467,Subscriber
1809,2019-01-01 08:54:40,304,40.70463334,-74.01361706,501,Subscriber
67,2019-01-01 08:54:42,402,40.7403432,-73.98955109,491,Subscriber
251,2019-01-01 08:54:45,252,40.73226398,-73.99852205,128,Subscriber
524,2019-01-01 08:54:48,3349,40.6729679,-73.97087984,3423,Subscriber
1548,2019-01-01 08:54:55,376,40.70862144,-74.00722156,545,Subscriber
423,2019-01-01 08:55:02,3526,40.7747878,-73.9125551,3616,Subscriber
559,2019-01-01 08:55:03,228,40.7546011,-73.97187886,3431,Customer
306,2019-01-01 08:55:05,3310,40.663779,-73.98396846,3354,Subscriber
388,2019-01-01 08:55:27,368,40.73038599,-74.00214988,402,Subscriber
624,2019-01-01 08:55:30,3372,40.7689738,-73.95482273,485,Subscriber
144,2019-01-01 08:55:36,3087,40.71413311,-73.95234386,539,Subscriber
172,2019-01-01 08:55:35,3581,40.6740123,-73.9671457,3663,Subscriber
3523,2019-01-01 08:55:40,3263,40.72951496,-73.9907527,3263,Subscriber
1195,2019-01-01 08:55:49,3697,40.77515953,-73.98918696,435,Subscriber
499,2019-01-01 08:55:49,3663,40.67716489,-73.97382796,3663,Subscriber
339,2019-01-01 08:55:53,3086,40.715143,-73.944507,539,Subscriber
763,2019-01-01 08:55:57,127,40.73172428,-74.00674436,3680,Subscriber
129,2019-01-01 08:56:18,402,40.7403432,-73.98955109,491,Subscriber
438,2019-01-01 08:56:41,228,40.7546011,-73.97187886,3431,Customer
432,2019-01-01 08:56:46,3290,40.7779453,-73.946041,3156,Subscriber
619,2019-01-01 08:57:09,259,40.70122128,-74.01234218,296,Subscriber
7900,2019-01-01 08:57:17,432,40.72621788,-73.98379855,3623,Subscriber
299,2019-01-01 08:57:34,3486,40.68841743,-73.98451656,3486,Subscriber
429,2019-01-01 08:58:11,3335,40.6772744,-73.98282002,3382,Subscriber
441,2019-01-01 08:58:20,304,40.70463334,-74.01361706,386,Subscriber
406,2019-01-01 08:58:43,2012,40.739445,-73.976806,519,Subscriber
277,2019-01-01 08:58:48,3258,40.75018156,-74.00218427,446,Subscriber
93,2019-01-01 08:58:47,402,40.7403432,-73.98955109,491,Subscriber
401,2019-01-01 08:58:54,3383,40.804213,-73.96699104,3314,Subscriber
188,2019-01-01 08:58:57,402,40.7403432,-73.98955109,491,Subscriber
883,2019-01-01 08:58:56,3360,40.7829391,-73.9786517,3141,Subscriber
2564,2019-01-01 08:59:02,3467,40.72494672,-74.00165856,525,Subscriber
313,2019-01-01 08:58:59,3697,40.77515953,-73.98918696,3175,Subscriber
325,2019-01-01 08:59:04,3423,40.66106337,-73.97945255,3349,Subscriber
164,2019-01-01 08:59:23,3177,40.7867947,-73.977112,3314,Subscriber
281,2019-01-01 08:59:31,502,40.714215,-73.981346,307,Subscriber
181,2019-01-01 08:59:47,478,40.76030096,-73.99884222,495,Subscriber
262,2019-01-01 08:59:49,420,40.68764484,-73.96968902,3648,Subscriber
127,2019-01-01 08:51:51,3431,40.746524,-73.977885,167,Subscriber
508,2019-01-01 07:27:23,3164,40.7770575,-73.97898475,520,Subscriber
197,2019-01-01 07:46:14,3164,40.7770575,-73.97898475,3158,Subscriber
725,2019-01-01 08:49:16,3164,40.7770575,-73.97898475,3289,Subscriber
558,2019-01-02 07:00:16,515,40.76009437,-73.99461843,468,Subscriber
394,2019-01-02 07:00:07,3335,40.6772744,-73.98282002,3358,Subscriber
762,2019-01-02 07:00:09,458,40.751396,-74.005226,2023,Subscriber
2666,2019-01-02 07:00:10,3312,40.7817212,-73.94594,128,Subscriber
570,2019-01-02 07:00:13,3117,40.73564,-73.95866,3092,Subscriber
535,2019-01-02 07:00:17,482,40.73935542,-73.99931783,533,Subscriber
1161,2019-01-02 07:00:17,3671,40.77477945,-73.95427465,3443,Subscriber
184,2019-01-02 07:00:17,447,40.76370739,-73.9851615,480,Subscriber
1550,2019-01-02 07:00:18,3664,40.72019521,-74.01030064,3443,Subscriber
206,2019-01-02 07:00:21,355,40.71602118,-73.99974372,257,Subscriber
1420,2019-01-02 07:00:23,379,40.749156,-73.9916,3129,Subscriber
930,2019-01-02 07:00:23,3071,40.70538077,-73.94976519,343,Subscriber
531,2019-01-02 07:00:33,3233,40.75724568,-73.97805914,480,Subscriber
194,2019-01-02 07:00:30,2003,40.73381219,-73.98054421,297,Subscriber
438,2019-01-02 07:00:36,237,40.73047309,-73.98672378,3660,Subscriber
345,2019-01-02 07:00:38,3354,40.668132,-73.97363831,3663,Subscriber
595,2019-01-02 07:00:41,450,40.76227205,-73.98788205,3172,Subscriber
206,2019-01-02 07:00:41,327,40.7153379,-74.01658354,3664,Subscriber
740,2019-01-02 07:00:48,359,40.75510267,-73.97498696,3141,Subscriber
667,2019-01-02 07:00:48,3660,40.74102151,-74.00138497,3235,Subscriber
174,2019-01-02 07:00:51,456,40.7597108,-73.97402311,3223,Subscriber
181,2019-01-02 07:00:53,3398,40.6746957,-73.99785768,3395,Subscriber
1946,2019-01-02 07:00:57,519,40.751873,-73.977706,259,Subscriber
340,2019-01-02 07:00:58,3400,40.7961535,-73.94782145,3507,Subscriber
152,2019-01-02 07:00:58,468,40.7652654,-73.98192338,423,Subscriber
925,2019-01-02 07:01:01,3236,40.75898481,-73.99379969,3472,Subscriber
377,2019-01-02 07:01:08,492,40.75019995,-73.99093085,3687,Subscriber
136,2019-01-02 07:01:09,326,40.72953837,-73.98426726,432,Subscriber
299,2019-01-02 07:01:10,3305,40.7811223,-73.94965589,3336,Subscriber
1844,2019-01-02 07:01:17,3400,40.7961535,-73.94782145,3156,Subscriber
192,2019-01-02 07:01:18,3388,40.6828003,-73.99990419,3382,Subscriber
1147,2019-01-02 07:01:26,514,40.76087502,-74.00277668,382,Subscriber
1090,2019-01-02 07:01:39,3663,40.67716489,-73.97382796,195,Subscriber
233,2019-01-02 07:01:37,358,40.73291553,-74.00711384,368,Subscriber
1215,2019-01-02 07:01:33,3085,40.71469,-73.95739,3574,Subscriber
1121,2019-01-02 07:01:39,128,40.72710258,-74.00297088,3680,Subscriber
169,2019-01-02 07:01:37,3118,40.73555,-73.95284,3115,Subscriber
3971,2019-01-02 07:01:41,491,40.74096374,-73.98602213,297,Subscriber
1253,2019-01-02 07:01:42,494,40.74734825,-73.99723551,3656,Subscriber
399,2019-01-02 07:01:45,495,40.76269882,-73.99301222,359,Subscriber
417,2019-01-02 07:01:45,3102,40.72179134,-73.9504154,539,Subscriber
956,2019-01-02 07:01:48,3168,40.78472675,-73.96961715,3233,Subscriber
432,2019-01-02 07:01:49,501,40.744219,-73.97121214,3235,Subscriber
367,2019-01-02 07:01:54,238,40.7361967,-74.00859207,459,Subscriber
570,2019-01-02 07:01:57,3263,40.72951496,-73.9907527,435,Subscriber
375,2019-01-02 07:01:59,349,40.71850211,-73.98329859,151,Subscriber
1351,2019-01-02 07:01:59,522,40.75714758,-73.97207836,461,Subscriber
393,2019-01-02 07:01:59,501,40.744219,-73.97121214,359,Subscriber
700,2019-01-02 07:02:04,417,40.71291224,-74.01020234,349,Subscriber
1492,2019-01-02 07:02:12,417,40.71291224,-74.01020234,3332,Subscriber
458,2019-01-02 07:02:13,3164,40.7770575,-73.97898475,173,Subscriber
642,2019-01-02 07:02:15,501,40.744219,-73.97121214,359,Subscriber
370,2019-01-02 07:02:13,501,40.744219,-73.97121214,167,Subscriber
536,2019-01-02 07:02:17,509,40.7454973,-74.00197139,540,Subscriber
518,2019-01-02 07:02:26,501,40.744219,-73.97121214,522,Subscriber
506,2019-01-02 07:02:25,379,40.749156,-73.9916,3443,Subscriber
400,2019-01-02 07:02:25,3255,40.75058535,-73.99468482,540,Subscriber
272,2019-01-02 07:02:35,173,40.76068327,-73.98452729,495,Subscriber
250,2019-01-02 07:02:36,320,40.717571,-74.005549,128,Subscriber
318,2019-01-02 07:02:33,316,40.70955958,-74.00653609,415,Subscriber
531,2019-01-02 07:02:34,319,40.711066,-74.009447,3664,Subscriber
778,2019-01-02 07:02:38,342,40.71739973,-73.98016555,376,Subscriber
306,2019-01-02 07:02:56,546,40.74444921,-73.98303529,2012,Customer
1010,2019-01-02 07:02:42,3285,40.78839,-73.9747,493,Subscriber
272,2019-01-02 07:02:41,504,40.73221853,-73.98165557,2012,Subscriber
1952,2019-01-02 07:02:42,3236,40.75898481,-73.99379969,3390,Subscriber
784,2019-01-02 07:02:48,495,40.76269882,-73.99301222,446,Subscriber
662,2019-01-02 07:02:56,501,40.744219,-73.97121214,305,Subscriber
524,2019-01-02 07:02:47,146,40.71625008,-74.0091059,2008,Subscriber
2178,2019-01-02 07:02:59,515,40.76009437,-73.99461843,360,Subscriber
1470,2019-01-02 07:02:47,3553,40.801694,-73.957145,455,Subscriber
725,2019-01-02 07:02:58,487,40.73314259,-73.97573881,293,Subscriber
270,2019-01-02 07:02:56,3558,40.6794388,-73.9680438,3419,Subscriber
375,2019-01-02 07:03:17,445,40.72740794,-73.98142006,545,Subscriber
773,2019-01-02 07:03:08,501,40.744219,-73.97121214,3141,Subscriber
323,2019-01-02 07:03:13,501,40.744219,-73.97121214,507,Subscriber
583,2019-01-02 07:03:13,501,40.744219,-73.97121214,359,Subscriber
796,2019-01-02 07:03:14,312,40.722055,-73.989111,351,Subscriber
1331,2019-01-02 07:03:14,366,40.693261,-73.968896,3427,Subscriber
1152,2019-01-02 07:03:19,3301,40.7919557,-73.968087,422,Subscriber
934,2019-01-02 07:03:17,501,40.744219,-73.97121214,3457,Subscriber
817,2019-01-02 07:03:19,401,40.72019576,-73.98997825,3002,Subscriber
1100,2019-01-02 07:03:32,128,40.72710258,-74.00297088,3443,Subscriber
182,2019-01-02 07:03:30,458,40.751396,-74.005226,509,Subscriber
846,2019-01-02 07:03:24,243,40.688226,-73.979382,3474,Subscriber
567,2019-01-02 07:03:26,501,40.744219,-73.97121214,359,Subscriber
682,2019-01-02 07:03:28,3255,40.75058535,-73.99468482,3457,Subscriber
1140,2019-01-02 07:03:29,3169,40.78720869,-73.98128127,3156,Subscriber
1134,2019-01-02 07:03:30,3169,40.78720869,-73.98128127,3156,Subscriber
542,2019-01-02 07:03:29,379,40.749156,-73.9916,2012,Subscriber
669,2019-01-02 07:03:32,3288,40.778301,-73.9488134,3400,Subscriber
346,2019-01-02 07:03:33,3310,40.663779,-73.98396846,3368,Subscriber
737,2019-01-02 07:03:35,501,40.744219,-73.97121214,3233,Subscriber
674,2019-01-02 07:03:39,3686,40.7394482,-74.00507033,426,Subscriber
272,2019-01-02 07:03:41,3673,40.67759207,-73.95563722,344,Subscriber
247,2019-01-02 07:03:41,282,40.70764494,-73.96841526,3078,Subscriber
425,2019-01-02 07:03:46,3288,40.778301,-73.9488134,3156,Subscriber
484,2019-01-02 07:03:48,501,40.744219,-73.97121214,3680,Subscriber
119,2019-01-02 07:03:45,3503,40.80295,-73.942954,3507,Subscriber
835,2019-01-02 07:03:47,3255,40.75058535,-73.99468482,72,Subscriber
181,2019-01-02 07:03:50,402,40.7403432,-73.98955109,466,Subscriber
795,2019-01-02 07:03:47,2023,40.75968085,-73.97031366,514,Subscriber
724,2019-01-02 07:03:53,501,40.744219,-73.97121214,520,Subscriber
1455,2019-01-02 07:03:51,3236,40.75898481,-73.99379969,358,Subscriber
513,2019-01-02 07:03:53,368,40.73038599,-74.00214988,491,Subscriber
750,2019-01-02 07:03:55,501,40.744219,-73.97121214,2023,Subscriber
361,2019-01-02 07:03:58,465,40.75513557,-73.98658032,359,Subscriber
165,2019-01-02 07:04:00,426,40.71754834,-74.01322069,3664,Subscriber
431,2019-01-02 07:03:59,3329,40.6829151,-73.99318208,392,Subscriber
292,2019-01-02 07:04:02,3236,40.75898481,-73.99379969,495,Subscriber
495,2019-01-02 07:04:03,298,40.68683208,-73.9796772,366,Subscriber
439,2019-01-02 07:04:05,3305,40.7811223,-73.94965589,3286,Subscriber
579,2019-01-02 07:04:06,3558,40.6794388,-73.9680438,3055,Subscriber
360,2019-01-02 07:04:09,3233,40.75724568,-73.97805914,495,Subscriber
1398,2019-01-02 07:04:11,342,40.71739973,-73.98016555,195,Subscriber
793,2019-01-02 07:04:23,501,40.744219,-73.97121214,484,Subscriber
175,2019-01-02 07:04:18,472,40.7457121,-73.98194829,3687,Subscriber
272,2019-01-02 07:04:20,519,40.751873,-73.977706,546,Subscriber
405,2019-01-02 07:04:27,229,40.72743423,-73.99379025,405,Subscriber
218,2019-01-02 07:04:26,3358,40.6711978,-73.97484126,3663,Subscriber
1158,2019-01-02 07:04:30,3255,40.75058535,-73.99468482,520,Subscriber
481,2019-01-02 07:04:32,496,40.73726186,-73.99238967,462,Subscriber
785,2019-01-02 07:04:35,326,40.72953837,-73.98426726,466,Subscriber
427,2019-01-02 07:04:39,244,40.69196035,-73.96536851,324,Subscriber
435,2019-01-02 07:04:53,3332,40.68199044,-73.99079025,3440,Subscriber
458,2019-01-02 07:04:50,460,40.71285887,-73.96590294,3092,Subscriber
439,2019-01-02 07:04:49,3142,40.7612274,-73.96094022,359,Subscriber
962,2019-01-02 07:04:47,3529,40.8107922,-73.9430681,3351,Subscriber
695,2019-01-02 07:04:47,3656,40.72307749,-73.98583621,82,Subscriber
630,2019-01-02 07:04:50,501,40.744219,-73.97121214,522,Subscriber
450,2019-01-02 07:04:56,393,40.72299208,-73.97995466,293,Subscriber
845,2019-01-02 07:04:57,3255,40.75058535,-73.99468482,468,Subscriber
1008,2019-01-02 07:04:59,326,40.72953837,-73.98426726,522,Subscriber
944,2019-01-02 07:05:07,339,40.72580614,-73.97422494,496,Subscriber
317,2019-01-02 07:05:08,229,40.72743423,-73.99379025,3718,Subscriber
408,2019-01-02 07:05:06,3660,40.74102151,-74.00138497,459,Subscriber
505,2019-01-02 07:05:15,334,40.74238787,-73.99726235,3258,Subscriber
514,2019-01-02 07:05:19,3255,40.75058535,-73.99468482,528,Subscriber
926,2019-01-02 07:05:24,3571,40.676368,-73.952918,241,Subscriber
230,2019-01-02 07:05:26,3420,40.6802133,-73.98432695,3298,Subscriber
629,2019-01-02 07:05:27,401,40.72019576,-73.98997825,309,Subscriber
144,2019-01-02 07:05:33,3140,40.77140426,-73.9535166,3154,Subscriber
708,2019-01-02 07:05:30,361,40.71605866,-73.99190759,536,Subscriber
1077,2019-01-02 07:05:33,483,40.73223272,-73.98889957,426,Subscriber
426,2019-01-02 07:05:38,435,40.74173969,-73.99415556,461,Subscriber
512,2019-01-02 07:05:35,479,40.76019252,-73.9912551,3158,Subscriber
145,2019-01-02 07:05:40,3443,40.76132983,-73.97982001,469,Subscriber
306,2019-01-02 07:05:35,334,40.74238787,-73.99726235,383,Subscriber
351,2019-01-02 07:05:45,524,40.75527307,-73.98316936,3458,Subscriber
437,2019-01-02 07:05:45,448,40.75660359,-73.9979009,459,Subscriber
418,2019-01-02 07:05:45,3443,40.76132983,-73.97982001,490,Subscriber
234,2019-01-02 07:05:49,3319,40.666287,-73.98895053,3297,Subscriber
377,2019-01-02 07:05:48,379,40.749156,-73.9916,491,Subscriber
672,2019-01-02 07:06:00,3164,40.7770575,-73.97898475,3295,Subscriber
653,2019-01-02 07:05:58,326,40.72953837,-73.98426726,3474,Subscriber
647,2019-01-02 07:05:53,491,40.74096374,-73.98602213,469,Subscriber
371,2019-01-02 07:05:53,379,40.749156,-73.9916,491,Subscriber
820,2019-01-02 07:05:55,472,40.7457121,-73.98194829,525,Subscriber
357,2019-01-02 07:05:57,505,40.74901271,-73.98848395,484,Subscriber
501,2019-01-02 07:05:56,465,40.75513557,-73.98658032,2006,Subscriber
194,2019-01-02 07:05:58,275,40.68650065,-73.96563307,365,Subscriber
366,2019-01-02 07:06:00,3349,40.6729679,-73.97087984,467,Subscriber
444,2019-01-02 07:06:01,3561,40.7531106,-73.9279917,3129,Subscriber
613,2019-01-02 07:06:05,3539,40.8067581,-73.9607082,3169,Subscriber
271,2019-01-02 07:06:05,313,40.69610226,-73.96751037,399,Subscriber
251,2019-01-02 07:06:13,3304,40.668127,-73.98377641,3365,Subscriber
165,2019-01-02 07:06:11,3083,40.71247661,-73.94100005,3453,Subscriber
520,2019-01-02 07:06:14,499,40.76915505,-73.98191841,3233,Subscriber
256,2019-01-02 07:06:14,3361,40.6740886,-73.9787282,3663,Subscriber
323,2019-01-02 07:06:18,3160,40.77896784,-73.97374737,3171,Subscriber
1403,2019-01-02 07:06:18,3168,40.78472675,-73.96961715,508,Subscriber
973,2019-01-02 07:06:30,3168,40.78472675,-73.96961715,359,Subscriber
819,2019-01-02 07:06:39,3168,40.78472675,-73.96961715,3443,Subscriber
400,2019-01-02 07:06:31,517,40.751581,-73.97791,491,Subscriber
167,2019-01-02 07:06:32,3361,40.6740886,-73.9787282,3417,Subscriber
298,2019-01-02 07:06:33,3408,40.6881529,-73.99520919,3422,Subscriber
355,2019-01-02 07:06:32,3409,40.6867443,-73.99063168,3386,Subscriber
120,2019-01-02 07:06:41,339,40.72580614,-73.97422494,411,Subscriber
808,2019-01-02 07:06:44,2021,40.75929124,-73.98859651,305,Subscriber
620,2019-01-02 07:06:47,368,40.73038599,-74.00214988,229,Subscriber
667,2019-01-02 07:06:54,546,40.74444921,-73.98303529,529,Subscriber
176,2019-01-02 07:06:49,3568,40.7569332,-73.9262231,3572,Subscriber
1566,2019-01-02 07:06:56,406,40.69512845,-73.99595065,518,Subscriber
681,2019-01-02 07:06:57,3697,40.77515953,-73.98918696,529,Subscriber
312,2019-01-02 07:06:56,458,40.751396,-74.005226,446,Subscriber
95,2019-01-02 07:06:54,280,40.73331967,-73.99510132,3244,Subscriber
139,2019-01-02 07:07:00,3310,40.663779,-73.98396846,3423,Subscriber
360,2019-01-02 07:06:55,3656,40.72307749,-73.98583621,531,Subscriber
74,2019-01-02 07:07:00,3116,40.73266,-73.95826,3469,Subscriber
916,2019-01-02 07:07:01,315,40.70355377,-74.00670227,312,Subscriber
312,2019-01-02 07:07:08,279,40.707873,-74.00167,319,Subscriber
158,2019-01-02 07:07:05,466,40.74395411,-73.99144871,402,Subscriber
892,2019-01-02 07:07:06,3140,40.77140426,-73.9535166,3457,Subscriber
224,2019-01-02 07:07:05,3382,40.680611,-73.99475825,3409,Subscriber
415,2019-01-02 07:07:09,462,40.74691959,-74.00451887,346,Subscriber
879,2019-01-02 07:07:14,504,40.73221853,-73.98165557,359,Subscriber
1363,2019-01-02 07:07:16,478,40.76030096,-73.99884222,327,Subscriber
770,2019-01-02 07:07:29,164,40.75323098,-73.97032517,490,Subscriber
641,2019-01-02 07:07:31,461,40.73587678,-73.98205027,520,Subscriber
264,2019-01-02 07:07:23,261,40.69474881,-73.98362464,3440,Subscriber
1485,2019-01-02 07:07:23,3364,40.6751622,-73.9814832,3692,Subscriber
278,2019-01-02 07:07:24,445,40.72740794,-73.98142006,285,Subscriber
1938,2019-01-02 07:07:28,3321,40.6831164,-73.99785267,435,Subscriber
1040,2019-01-02 07:07:33,3169,40.78720869,-73.98128127,3141,Subscriber
879,2019-01-02 07:07:31,317,40.72453734,-73.98185424,442,Subscriber
406,2019-01-02 07:07:35,517,40.751581,-73.97791,461,Subscriber
582,2019-01-02 07:07:38,3236,40.75898481,-73.99379969,3443,Subscriber
189,2019-01-02 07:07:37,427,40.701907,-74.013942,2008,Subscriber
265,2019-01-02 07:07:41,491,40.74096374,-73.98602213,2012,Subscriber
180,2019-01-02 07:07:38,450,40.76227205,-73.98788205,495,Subscriber
120,2019-01-02 07:07:40,462,40.74691959,-74.00451887,453,Subscriber
511,2019-01-02 07:07:42,518,40.74780373,-73.9734419,491,Subscriber
923,2019-01-02 07:07:50,3376,40.76471852,-73.9622207,3175,Subscriber
290,2019-01-02 07:07:55,237,40.73047309,-73.98672378,312,Subscriber
1506,2019-01-02 07:07:51,3322,40.668603,-73.9904394,302,Subscriber
364,2019-01-02 07:07:55,357,40.73261787,-73.99158043,168,Subscriber
458,2019-01-02 07:07:57,439,40.7262807,-73.98978041,545,Subscriber
622,2019-01-02 07:07:55,3293,40.7921,-73.9739,469,Subscriber
304,2019-01-02 07:08:03,327,40.7153379,-74.01658354,3664,Subscriber
308,2019-01-02 07:07:58,327,40.7153379,-74.01658354,3664,Subscriber
1515,2019-01-02 07:08:02,336,40.73047747,-73.99906065,469,Subscriber
330,2019-01-02 07:07:59,445,40.72740794,-73.98142006,3463,Subscriber
809,2019-01-02 07:08:05,3141,40.76500525,-73.95818491,468,Subscriber
2169,2019-01-02 07:08:12,270,40.69308257,-73.97178913,167,Subscriber
79,2019-01-02 07:08:18,472,40.7457121,-73.98194829,540,Subscriber
792,2019-01-02 07:08:23,157,40.69089272,-73.99612349,327,Subscriber
841,2019-01-02 07:08:21,482,40.73935542,-73.99931783,359,Subscriber
1034,2019-01-02 07:08:22,3351,40.7869946,-73.94164802,520,Subscriber
327,2019-01-02 07:08:27,3712,40.75469175,-73.99740189,508,Subscriber
400,2019-01-02 07:08:25,3497,40.7949879,-73.9333349,3504,Subscriber
581,2019-01-02 07:08:26,3164,40.7770575,-73.97898475,3443,Subscriber
881,2019-01-02 07:08:34,517,40.751581,-73.97791,341,Subscriber
211,2019-01-02 07:08:45,509,40.7454973,-74.00197139,168,Subscriber
568,2019-01-02 07:08:47,3236,40.75898481,-73.99379969,491,Subscriber
145,2019-01-02 07:08:43,3288,40.778301,-73.9488134,3305,Subscriber
192,2019-01-02 07:08:41,3108,40.72557,-73.94434,3668,Subscriber
462,2019-01-02 07:08:44,3129,40.75110165,-73.94073717,3568,Subscriber
746,2019-01-02 07:08:41,3331,40.8013434,-73.97114574,3173,Subscriber
270,2019-01-02 07:08:44,450,40.76227205,-73.98788205,515,Subscriber
456,2019-01-02 07:08:47,3588,40.7671863,-73.9373554,3130,Subscriber
228,2019-01-02 07:08:48,223,40.73781509,-73.99994661,405,Subscriber
1032,2019-01-02 07:08:50,128,40.72710258,-74.00297088,536,Subscriber
595,2019-01-02 07:08:48,3343,40.7997568,-73.96211287,3507,Subscriber
221,2019-01-02 07:08:52,2008,40.70569254,-74.01677685,3002,Subscriber
91,2019-01-02 07:08:53,3327,40.7877214,-73.94728331,3338,Subscriber
218,2019-01-02 07:08:54,3327,40.7877214,-73.94728331,3312,Subscriber
433,2019-01-02 07:08:52,3443,40.76132983,-73.97982001,164,Subscriber
424,2019-01-02 07:08:54,3429,40.68506807,-73.9779076,244,Subscriber
506,2019-01-02 07:08:54,3687,40.74322681,-73.97449784,503,Subscriber
492,2019-01-02 07:08:52,3537,40.6809741,-73.9710097,270,Subscriber
541,2019-01-02 07:08:55,3164,40.7770575,-73.97898475,3443,Subscriber
157,2019-01-02 07:08:55,293,40.73020661,-73.99102628,280,Subscriber
663,2019-01-02 07:08:54,3697,40.77515953,-73.98918696,3171,Subscriber
235,2019-01-02 07:08:56,479,40.76019252,-73.9912551,500,Subscriber
1386,2019-01-02 07:08:59,3429,40.68506807,-73.9779076,279,Subscriber
249,2019-01-02 07:09:04,327,40.7153379,-74.01658354,3664,Subscriber
309,2019-01-02 07:09:15,296,40.71413089,-73.9970468,3461,Subscriber
536,2019-01-02 07:09:08,3507,40.8045555,-73.9396861,3367,Subscriber
1082,2019-01-02 07:09:12,3255,40.75058535,-73.99468482,358,Subscriber
232,2019-01-02 07:09:12,296,40.71413089,-73.9970468,311,Subscriber
293,2019-01-02 07:09:12,3255,40.75058535,-73.99468482,2021,Subscriber
480,2019-01-02 07:09:16,387,40.71273266,-74.0046073,3664,Subscriber
585,2019-01-02 07:09:16,3687,40.74322681,-73.97449784,359,Subscriber
411,2019-01-02 07:09:18,519,40.751873,-73.977706,491,Subscriber
91,2019-01-02 07:09:19,524,40.75527307,-73.98316936,493,Subscriber
617,2019-01-02 07:09:17,3255,40.75058535,-73.99468482,461,Subscriber
345,2019-01-02 07:09:30,3712,40.75469175,-73.99740189,379,Subscriber
478,2019-01-02 07:09:31,3589,40.7668,-73.9347774,3721,Subscriber
281,2019-01-02 07:09:34,3102,40.72179134,-73.9504154,3085,Subscriber
817,2019-01-02 07:09:41,478,40.76030096,-73.99884222,472,Subscriber
1188,2019-01-02 07:09:42,439,40.7262807,-73.98978041,3243,Subscriber
484,2019-01-02 07:09:41,3429,40.68506807,-73.9779076,343,Subscriber
774,2019-01-02 07:09:47,330,40.71450451,-74.00562789,128,Subscriber
662,2019-01-02 07:09:50,3356,40.7746671,-73.98470567,3233,Subscriber
542,2019-01-02 07:09:48,504,40.73221853,-73.98165557,168,Subscriber
235,2019-01-02 07:09:48,389,40.71044554,-73.96525063,3092,Subscriber
615,2019-01-02 07:09:49,3507,40.8045555,-73.9396861,3497,Subscriber
616,2019-01-02 07:09:55,545,40.736502,-73.97809472,440,Subscriber
185,2019-01-02 07:10:00,402,40.7403432,-73.98955109,325,Subscriber
1081,2019-01-02 07:09:57,501,40.744219,-73.97121214,502,Subscriber
753,2019-01-02 07:10:00,356,40.71622644,-73.98261206,408,Subscriber
710,2019-01-02 07:10:03,3163,40.7734066,-73.97782542,533,Subscriber
404,2019-01-02 07:10:00,223,40.73781509,-73.99994661,491,Subscriber
351,2019-01-02 07:10:02,500,40.76228826,-73.98336183,359,Subscriber
381,2019-01-02 07:10:04,2009,40.71117444,-73.99682619,3435,Subscriber
265,2019-01-02 07:10:05,150,40.7208736,-73.98085795,439,Subscriber
2310,2019-01-02 07:10:14,3321,40.6831164,-73.99785267,476,Subscriber
1919,2019-01-02 07:10:04,3321,40.6831164,-73.99785267,229,Subscriber
179,2019-01-02 07:10:08,173,40.76068327,-73.98452729,3699,Subscriber
891,2019-01-02 07:10:12,3284,40.7814107,-73.95595908,517,Subscriber
922,2019-01-02 07:10:22,401,40.72019576,-73.98997825,3687,Subscriber
214,2019-01-02 07:10:19,245,40.69327018,-73.97703874,239,Subscriber
1046,2019-01-02 07:10:19,361,40.71605866,-73.99190759,325,Subscriber
807,2019-01-02 07:10:36,531,40.71893904,-73.99266288,2003,Subscriber
417,2019-01-02 07:10:42,3402,40.6902375,-73.99203074,3386,Subscriber
288,2019-01-02 07:10:31,494,40.74734825,-73.99723551,458,Subscriber
349,2019-01-02 07:10:31,517,40.751581,-73.97791,536,Subscriber
158,2019-01-02 07:10:37,446,40.74487634,-73.99529885,3255,Subscriber
1537,2019-01-02 07:10:42,3423,40.66106337,-73.97945255,251,Subscriber
441,2019-01-02 07:10:43,470,40.74345335,-74.00004031,347,Subscriber
854,2019-01-02 07:10:44,3156,40.76663814,-73.95348296,520,Subscriber
520,2019-01-02 07:10:44,519,40.751873,-73.977706,461,Subscriber
1828,2019-01-02 07:10:47,3002,40.711512,-74.015756,519,Subscriber
386,2019-01-02 07:10:49,244,40.69196035,-73.96536851,324,Subscriber
303,2019-01-02 07:10:52,3308,40.6861758,-73.99645295,143,Subscriber
386,2019-01-02 07:11:07,383,40.735238,-74.000271,237,Subscriber
370,2019-01-02 07:10:54,3236,40.75898481,-73.99379969,513,Subscriber
578,2019-01-02 07:10:54,3164,40.7770575,-73.97898475,522,Subscriber
967,2019-01-02 07:10:55,3572,40.756913,-73.921631,3142,Subscriber
783,2019-01-02 07:10:58,3236,40.75898481,-73.99379969,530,Subscriber
298,2019-01-02 07:10:58,276,40.71748752,-74.0104554,387,Subscriber
549,2019-01-02 07:11:00,519,40.751873,-73.977706,492,Subscriber
154,2019-01-02 07:11:00,3126,40.74718234,-73.9432635,3128,Subscriber
605,2019-01-02 07:11:03,302,40.72082834,-73.97793172,295,Subscriber
696,2019-01-02 07:11:01,3163,40.7734066,-73.97782542,492,Subscriber
244,2019-01-02 07:11:08,499,40.76915505,-73.98191841,500,Subscriber
392,2019-01-02 07:11:09,505,40.74901271,-73.98848395,524,Subscriber
288,2019-01-02 07:11:10,426,40.71754834,-74.01322069,3256,Subscriber
303,2019-01-02 07:11:23,3071,40.70538077,-73.94976519,3081,Subscriber
1361,2019-01-02 07:11:24,3453,40.71335226,-73.94910336,415,Subscriber
1017,2019-01-02 07:11:20,3689,40.79904139,-73.9664948,3351,Subscriber
566,2019-01-02 07:11:21,2022,40.759107,-73.959223,520,Subscriber
418,2019-01-02 07:11:23,517,40.751581,-73.97791,379,Subscriber
663,2019-01-02 07:11:32,499,40.76915505,-73.98191841,3154,Subscriber
427,2019-01-02 07:11:25,473,40.72110063,-73.9919254,3489,Subscriber
1096,2019-01-02 07:11:23,480,40.76669671,-73.99061728,528,Subscriber
1129,2019-01-02 07:11:22,3553,40.801694,-73.957145,3351,Subscriber
521,2019-01-02 07:11:27,480,40.76669671,-73.99061728,3233,Subscriber
827,2019-01-02 07:11:27,458,40.751396,-74.005226,168,Subscriber
599,2019-01-02 07:11:29,3255,40.75058535,-73.99468482,3472,Subscriber
203,2019-01-02 07:11:32,494,40.74734825,-73.99723551,458,Subscriber
777,2019-01-02 07:11:50,3687,40.74322681,-73.97449784,173,Subscriber
319,2019-01-02 07:11:40,520,40.75992262,-73.97648516,450,Subscriber
1705,2019-01-02 07:11:38,392,40.695065,-73.987167,362,Subscriber
170,2019-01-02 07:11:38,432,40.72621788,-73.98379855,326,Subscriber
400,2019-01-02 07:11:41,359,40.75510267,-73.97498696,468,Subscriber
486,2019-01-02 07:11:43,353,40.68539567,-73.97431458,157,Subscriber
450,2019-01-02 07:11:44,3443,40.76132983,-73.97982001,465,Subscriber
249,2019-01-02 07:11:43,3656,40.72307749,-73.98583621,265,Subscriber
188,2019-01-02 07:11:46,450,40.76227205,-73.98788205,480,Subscriber
459,2019-01-02 07:11:46,405,40.739323,-74.008119,458,Subscriber
128,2019-01-02 07:11:59,3116,40.73266,-73.95826,3115,Subscriber
1416,2019-01-02 07:12:03,439,40.7262807,-73.98978041,3443,Subscriber
191,2019-01-02 07:12:06,356,40.71622644,-73.98261206,410,Subscriber
396,2019-01-02 07:12:05,3680,40.75412081,-73.98025185,173,Subscriber
1231,2019-01-02 07:12:07,507,40.73912601,-73.97973776,82,Subscriber
111,2019-01-02 07:12:15,3443,40.76132983,-73.97982001,469,Subscriber
1093,2019-01-02 07:12:12,3236,40.75898481,-73.99379969,346,Subscriber
123,2019-01-02 07:12:13,3095,40.71929301,-73.94500379,3086,Subscriber
384,2019-01-02 07:12:13,545,40.736502,-73.97809472,402,Subscriber
746,2019-01-02 07:12:16,3286,40.7806284,-73.9521667,499,Subscriber
270,2019-01-02 07:12:18,3699,40.76360468,-73.98917958,478,Subscriber
983,2019-01-02 07:12:23,3002,40.711512,-74.015756,3686,Subscriber
304,2019-01-02 07:12:22,236,40.7284186,-73.98713956,280,Subscriber
358,2019-01-02 07:12:22,310,40.68926942,-73.98912867,239,Subscriber
990,2019-01-02 07:12:27,3236,40.75898481,-73.99379969,3307,Subscriber
311,2019-01-02 07:12:30,3142,40.7612274,-73.96094022,3459,Subscriber
598,2019-01-02 07:12:27,3614,40.768692,-73.9249574,3572,Subscriber
1440,2019-01-02 07:12:27,307,40.71427487,-73.98990025,505,Subscriber
436,2019-01-02 07:12:30,3141,40.76500525,-73.95818491,3288,Subscriber
235,2019-01-02 07:12:35,330,40.71450451,-74.00562789,3664,Subscriber
600,2019-01-02 07:12:33,480,40.76669671,-73.99061728,523,Subscriber
663,2019-01-02 07:12:32,358,40.73291553,-74.00711384,2008,Subscriber
626,2019-01-02 07:12:33,359,40.75510267,-73.97498696,513,Subscriber
348,2019-01-02 07:12:34,3296,40.78245418,-73.94891962,3290,Subscriber
366,2019-01-02 07:12:36,359,40.75510267,-73.97498696,3457,Subscriber
294,2019-01-02 07:12:40,3236,40.75898481,-73.99379969,525,Subscriber
778,2019-01-02 07:12:41,3255,40.75058535,-73.99468482,3458,Subscriber
759,2019-01-02 07:12:49,517,40.751581,-73.97791,470,Subscriber
131,2019-01-02 07:13:00,3411,40.6849668,-73.98620772,3409,Subscriber
659,2019-01-02 07:12:55,3549,40.678045,-73.962408,3409,Subscriber
1153,2019-01-02 07:13:00,389,40.71044554,-73.96525063,307,Subscriber
319,2019-01-02 07:13:02,3118,40.73555,-73.95284,3119,Subscriber
676,2019-01-02 07:13:06,3687,40.74322681,-73.97449784,3458,Subscriber
520,2019-01-02 07:13:06,3163,40.7734066,-73.97782542,3283,Subscriber
351,2019-01-02 07:13:07,247,40.73535398,-74.00483091,3709,Subscriber
778,2019-01-02 07:13:13,3236,40.75898481,-73.99379969,528,Subscriber
263,2019-01-02 07:13:11,327,40.7153379,-74.01658354,3664,Subscriber
1270,2019-01-02 07:13:16,414,40.70281858,-73.98765762,536,Subscriber
152,2019-01-02 07:13:10,3306,40.6662078,-73.98199886,3297,Subscriber
75,2019-01-02 07:13:16,524,40.75527307,-73.98316936,493,Subscriber
814,2019-01-02 07:13:18,530,40.77149671,-73.99046034,359,Subscriber
283,2019-01-02 07:13:20,406,40.69512845,-73.99595065,217,Subscriber
485,2019-01-02 07:13:22,533,40.75299641,-73.98721619,528,Subscriber
736,2019-01-02 07:13:18,3500,40.7989445,-73.944846,3541,Subscriber
313,2019-01-02 07:13:21,309,40.7149787,-74.013012,3256,Subscriber
2212,2019-01-02 07:13:25,3562,40.6765198,-73.9596082,415,Subscriber
420,2019-01-02 07:13:28,262,40.6917823,-73.9737299,3674,Subscriber
297,2019-01-02 07:13:28,359,40.75510267,-73.97498696,3223,Subscriber
213,2019-01-02 07:13:33,416,40.68753406,-73.97265183,3429,Subscriber
523,2019-01-02 07:13:32,3420,40.6802133,-73.98432695,3382,Subscriber
1093,2019-01-02 07:13:34,447,40.76370739,-73.9851615,482,Subscriber
653,2019-01-02 07:13:35,359,40.75510267,-73.97498696,3712,Subscriber
125,2019-01-02 07:13:36,3140,40.77140426,-73.9535166,3154,Subscriber
217,2019-01-02 07:13:41,3335,40.6772744,-73.98282002,3361,Subscriber
625,2019-01-02 07:13:41,3566,40.7596276,-73.9321455,3129,Subscriber
1332,2019-01-02 07:13:44,3350,40.7973721,-73.97041192,423,Subscriber
144,2019-01-02 07:13:45,540,40.74311555,-73.98215353,491,Subscriber
350,2019-01-02 07:13:49,3118,40.73555,-73.95284,3110,Subscriber
1675,2019-01-02 07:13:56,391,40.69760127,-73.99344559,2022,Subscriber
547,2019-01-02 07:13:52,442,40.746647,-73.993915,545,Subscriber
575,2019-01-02 07:13:53,462,40.74691959,-74.00451887,526,Subscriber
283,2019-01-02 07:13:52,446,40.74487634,-73.99529885,491,Subscriber
683,2019-01-02 07:13:54,325,40.73624527,-73.98473765,212,Subscriber
237,2019-01-02 07:13:52,342,40.71739973,-73.98016555,311,Subscriber
2096,2019-01-02 07:13:52,3424,40.791976,-73.945993,3425,Subscriber
157,2019-01-02 07:14:06,146,40.71625008,-74.0091059,3664,Subscriber
525,2019-01-02 07:13:58,359,40.75510267,-73.97498696,450,Subscriber
313,2019-01-02 07:14:04,327,40.7153379,-74.01658354,79,Subscriber
1003,2019-01-02 07:14:05,3140,40.77140426,-73.9535166,468,Subscriber
345,2019-01-02 07:14:05,3093,40.71745169,-73.95850939,3100,Subscriber
88,2019-01-02 07:14:07,3641,40.74286877,-73.98918629,486,Subscriber
177,2019-01-02 07:14:10,3109,40.72606,-73.95621,3469,Subscriber
714,2019-01-02 07:14:10,480,40.76669671,-73.99061728,2023,Subscriber
1011,2019-01-02 07:14:14,3255,40.75058535,-73.99468482,228,Subscriber
341,2019-01-02 07:14:15,301,40.72217444,-73.98368779,531,Subscriber
582,2019-01-02 07:14:15,3255,40.75058535,-73.99468482,3660,Subscriber
465,2019-01-02 07:14:16,3375,40.7699426,-73.96060712,522,Subscriber
